status	url	deploymentPath
OK	https://shadowgarden-bon.pages.dev/	/
OK	https://shadowgarden-bon.pages.dev/404.html	/404.html
OK	https://shadowgarden-bon.pages.dev/admin.html	/admin.html
OK	https://shadowgarden-bon.pages.dev/index.html	/index.html
OK	https://shadowgarden-bon.pages.dev/nsfw.html	/nsfw.html
OK	https://shadowgarden-bon.pages.dev/reader.html	/reader.html
OK	https://shadowgarden-bon.pages.dev/robots.txt	/robots.txt
OK	https://shadowgarden-bon.pages.dev/series.html	/series.html
OK	https://shadowgarden-bon.pages.dev/assets/css/admin-batch.css	/assets/css/admin-batch.css
OK	https://shadowgarden-bon.pages.dev/assets/css/admin-components.css	/assets/css/admin-components.css
OK	https://shadowgarden-bon.pages.dev/assets/css/admin-import-report.css	/assets/css/admin-import-report.css
OK	https://shadowgarden-bon.pages.dev/assets/css/admin-layout.css	/assets/css/admin-layout.css
OK	https://shadowgarden-bon.pages.dev/assets/css/admin-maintenance.css	/assets/css/admin-maintenance.css
OK	https://shadowgarden-bon.pages.dev/assets/css/admin-motion.css	/assets/css/admin-motion.css
OK	https://shadowgarden-bon.pages.dev/assets/css/admin-preflight.css	/assets/css/admin-preflight.css
OK	https://shadowgarden-bon.pages.dev/assets/css/admin-presentation.css	/assets/css/admin-presentation.css
OK	https://shadowgarden-bon.pages.dev/assets/css/admin-series-editor.css	/assets/css/admin-series-editor.css
OK	https://shadowgarden-bon.pages.dev/assets/css/admin-version.css	/assets/css/admin-version.css
OK	https://shadowgarden-bon.pages.dev/assets/css/admin.css	/assets/css/admin.css
OK	https://shadowgarden-bon.pages.dev/assets/css/adult.css	/assets/css/adult.css
OK	https://shadowgarden-bon.pages.dev/assets/css/library-features.css	/assets/css/library-features.css
OK	https://shadowgarden-bon.pages.dev/assets/css/library-layout.css	/assets/css/library-layout.css
OK	https://shadowgarden-bon.pages.dev/assets/css/library-motion.css	/assets/css/library-motion.css
OK	https://shadowgarden-bon.pages.dev/assets/css/motion.css	/assets/css/motion.css
OK	https://shadowgarden-bon.pages.dev/assets/css/nav.css	/assets/css/nav.css
OK	https://shadowgarden-bon.pages.dev/assets/css/public-artwork.css	/assets/css/public-artwork.css
OK	https://shadowgarden-bon.pages.dev/assets/css/public-components.css	/assets/css/public-components.css
OK	https://shadowgarden-bon.pages.dev/assets/css/reader-a11y.css	/assets/css/reader-a11y.css
OK	https://shadowgarden-bon.pages.dev/assets/css/reader-completion.css	/assets/css/reader-completion.css
OK	https://shadowgarden-bon.pages.dev/assets/css/reader-continuous-rail.css	/assets/css/reader-continuous-rail.css
OK	https://shadowgarden-bon.pages.dev/assets/css/reader-end-page.css	/assets/css/reader-end-page.css
OK	https://shadowgarden-bon.pages.dev/assets/css/reader-image-focus.css	/assets/css/reader-image-focus.css
OK	https://shadowgarden-bon.pages.dev/assets/css/reader-interface-themes.css	/assets/css/reader-interface-themes.css
OK	https://shadowgarden-bon.pages.dev/assets/css/reader-motion.css	/assets/css/reader-motion.css
OK	https://shadowgarden-bon.pages.dev/assets/css/reader-notes.css	/assets/css/reader-notes.css
OK	https://shadowgarden-bon.pages.dev/assets/css/reader-page-map.css	/assets/css/reader-page-map.css
OK	https://shadowgarden-bon.pages.dev/assets/css/reader-presentation.css	/assets/css/reader-presentation.css
OK	https://shadowgarden-bon.pages.dev/assets/css/reader.css	/assets/css/reader.css
OK	https://shadowgarden-bon.pages.dev/assets/css/reading-status.css	/assets/css/reading-status.css
OK	https://shadowgarden-bon.pages.dev/assets/css/series-extra.css	/assets/css/series-extra.css
OK	https://shadowgarden-bon.pages.dev/assets/css/series-motion.css	/assets/css/series-motion.css
OK	https://shadowgarden-bon.pages.dev/assets/css/site.css	/assets/css/site.css
OK	https://shadowgarden-bon.pages.dev/assets/css/ui-symbols.css	/assets/css/ui-symbols.css
OK	https://shadowgarden-bon.pages.dev/assets/css/volume-actions.css	/assets/css/volume-actions.css
OK	https://shadowgarden-bon.pages.dev/assets/icons/favicon.svg	/assets/icons/favicon.svg
OK	https://shadowgarden-bon.pages.dev/assets/js/admin-batch-editor.js	/assets/js/admin-batch-editor.js
OK	https://shadowgarden-bon.pages.dev/assets/js/admin-batch.js	/assets/js/admin-batch.js
OK	https://shadowgarden-bon.pages.dev/assets/js/admin-upload-completion.js	/assets/js/admin-upload-completion.js
OK	https://shadowgarden-bon.pages.dev/assets/js/admin-upload-presentation.js	/assets/js/admin-upload-presentation.js
OK	https://shadowgarden-bon.pages.dev/assets/js/admin-upload-workflow.js	/assets/js/admin-upload-workflow.js
OK	https://shadowgarden-bon.pages.dev/assets/js/book-access.js	/assets/js/book-access.js
OK	https://shadowgarden-bon.pages.dev/assets/js/data-source.js	/assets/js/data-source.js
OK	https://shadowgarden-bon.pages.dev/assets/js/library-footer-version.js	/assets/js/library-footer-version.js
OK	https://shadowgarden-bon.pages.dev/assets/js/library-mobile-filter.js	/assets/js/library-mobile-filter.js
OK	https://shadowgarden-bon.pages.dev/assets/js/library-model.js	/assets/js/library-model.js
OK	https://shadowgarden-bon.pages.dev/assets/js/library-motion.js	/assets/js/library-motion.js
OK	https://shadowgarden-bon.pages.dev/assets/js/library-renderers.js	/assets/js/library-renderers.js
OK	https://shadowgarden-bon.pages.dev/assets/js/library.js	/assets/js/library.js
OK	https://shadowgarden-bon.pages.dev/assets/js/motion.js	/assets/js/motion.js
OK	https://shadowgarden-bon.pages.dev/assets/js/nav-pinned.js	/assets/js/nav-pinned.js
OK	https://shadowgarden-bon.pages.dev/assets/js/nav.js	/assets/js/nav.js
OK	https://shadowgarden-bon.pages.dev/assets/js/reader-a11y.js	/assets/js/reader-a11y.js
OK	https://shadowgarden-bon.pages.dev/assets/js/reader-bootstrap.js	/assets/js/reader-bootstrap.js
OK	https://shadowgarden-bon.pages.dev/assets/js/reader-continuous-core.js	/assets/js/reader-continuous-core.js
OK	https://shadowgarden-bon.pages.dev/assets/js/reader-continuous-rail.js	/assets/js/reader-continuous-rail.js
OK	https://shadowgarden-bon.pages.dev/assets/js/reader-epub-adapter.js	/assets/js/reader-epub-adapter.js
OK	https://shadowgarden-bon.pages.dev/assets/js/reader-footnotes.js	/assets/js/reader-footnotes.js
OK	https://shadowgarden-bon.pages.dev/assets/js/reader-internal-links.js	/assets/js/reader-internal-links.js
OK	https://shadowgarden-bon.pages.dev/assets/js/reader-motion.js	/assets/js/reader-motion.js
OK	https://shadowgarden-bon.pages.dev/assets/js/reader-paginated-visual-fit.js	/assets/js/reader-paginated-visual-fit.js
OK	https://shadowgarden-bon.pages.dev/assets/js/reader-visual-cache.js	/assets/js/reader-visual-cache.js
OK	https://shadowgarden-bon.pages.dev/assets/js/series-motion.js	/assets/js/series-motion.js
OK	https://shadowgarden-bon.pages.dev/assets/js/series-renderers.js	/assets/js/series-renderers.js
OK	https://shadowgarden-bon.pages.dev/assets/js/series.js	/assets/js/series.js
OK	https://shadowgarden-bon.pages.dev/assets/js/site-a11y.js	/assets/js/site-a11y.js
OK	https://shadowgarden-bon.pages.dev/assets/js/site-flavor.js	/assets/js/site-flavor.js
OK	https://shadowgarden-bon.pages.dev/assets/js/ui-direction-triangles.js	/assets/js/ui-direction-triangles.js
OK	https://shadowgarden-bon.pages.dev/assets/vendor/epub.min.js	/assets/vendor/epub.min.js
OK	https://shadowgarden-bon.pages.dev/assets/vendor/jszip.min.js	/assets/vendor/jszip.min.js
OK	https://shadowgarden-bon.pages.dev/assets/css/site.css?v=2.11.0	/assets/css/site.css
OK	https://shadowgarden-bon.pages.dev/assets/css/nav.css?v=2.11.0	/assets/css/nav.css
OK	https://shadowgarden-bon.pages.dev/assets/css/motion.css?v=2.11.0	/assets/css/motion.css
OK	https://shadowgarden-bon.pages.dev/assets/css/library-motion.css?v=2.11.0	/assets/css/library-motion.css
OK	https://shadowgarden-bon.pages.dev/assets/css/library-features.css?v=2.11.0	/assets/css/library-features.css
OK	https://shadowgarden-bon.pages.dev/assets/css/public-components.css?v=2.11.0	/assets/css/public-components.css
OK	https://shadowgarden-bon.pages.dev/assets/css/public-artwork.css?v=2.11.0	/assets/css/public-artwork.css
OK	https://shadowgarden-bon.pages.dev/assets/css/library-layout.css?v=2.11.0	/assets/css/library-layout.css
OK	https://shadowgarden-bon.pages.dev/assets/css/reading-status.css?v=2.11.0	/assets/css/reading-status.css
OK	https://shadowgarden-bon.pages.dev/assets/css/volume-actions.css?v=2.11.0	/assets/css/volume-actions.css
OK	https://shadowgarden-bon.pages.dev/assets/css/ui-symbols.css?v=2.11.0	/assets/css/ui-symbols.css
OK	https://shadowgarden-bon.pages.dev/assets/js/motion.js?v=2.11.0	/assets/js/motion.js
OK	https://shadowgarden-bon.pages.dev/assets/js/library-motion.js?v=2.11.0	/assets/js/library-motion.js
OK	https://shadowgarden-bon.pages.dev/assets/js/nav.js?v=2.11.0	/assets/js/nav.js
OK	https://shadowgarden-bon.pages.dev/assets/js/data-source.js?v=2.11.0	/assets/js/data-source.js
OK	https://shadowgarden-bon.pages.dev/assets/js/library.js?v=2.11.0	/assets/js/library.js
OK	https://shadowgarden-bon.pages.dev/assets/js/nav-pinned.js?v=2.11.0	/assets/js/nav-pinned.js
OK	https://shadowgarden-bon.pages.dev/assets/js/library-mobile-filter.js?v=2.11.0	/assets/js/library-mobile-filter.js
OK	https://shadowgarden-bon.pages.dev/assets/js/library-footer-version.js?v=2.11.0	/assets/js/library-footer-version.js
OK	https://shadowgarden-bon.pages.dev/assets/js/site-a11y.js?v=2.11.0	/assets/js/site-a11y.js
OK	https://shadowgarden-bon.pages.dev/assets/js/ui-direction-triangles.js?v=2.11.0	/assets/js/ui-direction-triangles.js
OK	https://shadowgarden-bon.pages.dev/assets/css/admin.css?v=2.11.0	/assets/css/admin.css
OK	https://shadowgarden-bon.pages.dev/assets/css/admin-preflight.css?v=2.11.0	/assets/css/admin-preflight.css
OK	https://shadowgarden-bon.pages.dev/assets/css/admin-batch.css?v=2.11.0	/assets/css/admin-batch.css
OK	https://shadowgarden-bon.pages.dev/assets/css/admin-maintenance.css?v=2.11.0	/assets/css/admin-maintenance.css
OK	https://shadowgarden-bon.pages.dev/assets/css/admin-series-editor.css?v=2.11.0	/assets/css/admin-series-editor.css
OK	https://shadowgarden-bon.pages.dev/assets/css/admin-layout.css?v=2.11.0	/assets/css/admin-layout.css
OK	https://shadowgarden-bon.pages.dev/assets/css/admin-components.css?v=2.11.0	/assets/css/admin-components.css
OK	https://shadowgarden-bon.pages.dev/assets/css/admin-version.css?v=2.11.0	/assets/css/admin-version.css
OK	https://shadowgarden-bon.pages.dev/assets/css/admin-presentation.css?v=2.11.0	/assets/css/admin-presentation.css
OK	https://shadowgarden-bon.pages.dev/assets/css/admin-motion.css?v=2.11.0	/assets/css/admin-motion.css
OK	https://shadowgarden-bon.pages.dev/assets/vendor/jszip.min.js?v=2.11.0	/assets/vendor/jszip.min.js
OK	https://shadowgarden-bon.pages.dev/assets/js/admin/core.js?v=2.11.0	/assets/js/admin/core.js
OK	https://shadowgarden-bon.pages.dev/assets/js/admin/app.js?v=2.11.0	/assets/js/admin/app.js
OK	https://shadowgarden-bon.pages.dev/assets/css/adult.css?v=2.11.0	/assets/css/adult.css
OK	https://shadowgarden-bon.pages.dev/assets/css/reader.css?v=2.11.0	/assets/css/reader.css
OK	https://shadowgarden-bon.pages.dev/assets/css/reader-continuous-rail.css?v=2.11.0	/assets/css/reader-continuous-rail.css
OK	https://shadowgarden-bon.pages.dev/assets/css/reader-page-map.css?v=2.11.0	/assets/css/reader-page-map.css
OK	https://shadowgarden-bon.pages.dev/assets/css/reader-completion.css?v=2.11.0	/assets/css/reader-completion.css
OK	https://shadowgarden-bon.pages.dev/assets/css/reader-end-page.css?v=2.11.0	/assets/css/reader-end-page.css
OK	https://shadowgarden-bon.pages.dev/assets/css/reader-image-focus.css?v=2.11.0	/assets/css/reader-image-focus.css
OK	https://shadowgarden-bon.pages.dev/assets/css/reader-notes.css?v=2.11.0	/assets/css/reader-notes.css
OK	https://shadowgarden-bon.pages.dev/assets/css/reader-a11y.css?v=2.11.0	/assets/css/reader-a11y.css
OK	https://shadowgarden-bon.pages.dev/assets/css/reader-interface-themes.css?v=2.11.0	/assets/css/reader-interface-themes.css
OK	https://shadowgarden-bon.pages.dev/assets/css/reader-presentation.css?v=2.11.0	/assets/css/reader-presentation.css
OK	https://shadowgarden-bon.pages.dev/assets/css/reader-motion.css?v=2.11.0	/assets/css/reader-motion.css
OK	https://shadowgarden-bon.pages.dev/assets/vendor/epub.min.js?v=2.11.0	/assets/vendor/epub.min.js
OK	https://shadowgarden-bon.pages.dev/assets/js/book-access.js?v=2.11.0	/assets/js/book-access.js
OK	https://shadowgarden-bon.pages.dev/assets/js/reader-continuous-rail.js?v=2.11.0	/assets/js/reader-continuous-rail.js
OK	https://shadowgarden-bon.pages.dev/assets/js/reader-epub-adapter.js?v=2.11.0	/assets/js/reader-epub-adapter.js
OK	https://shadowgarden-bon.pages.dev/assets/js/reader-footnotes.js?v=2.11.0	/assets/js/reader-footnotes.js
OK	https://shadowgarden-bon.pages.dev/assets/js/reader-internal-links.js?v=2.11.0	/assets/js/reader-internal-links.js
OK	https://shadowgarden-bon.pages.dev/assets/js/reader-visual-cache.js?v=2.11.0	/assets/js/reader-visual-cache.js
OK	https://shadowgarden-bon.pages.dev/assets/js/reader-paginated-visual-fit.js?v=2.11.0	/assets/js/reader-paginated-visual-fit.js
OK	https://shadowgarden-bon.pages.dev/assets/js/reader-continuous-core.js?v=2.11.0	/assets/js/reader-continuous-core.js
OK	https://shadowgarden-bon.pages.dev/assets/js/reader-motion.js?v=2.11.0	/assets/js/reader-motion.js
OK	https://shadowgarden-bon.pages.dev/assets/js/reader-a11y.js?v=2.11.0	/assets/js/reader-a11y.js
OK	https://shadowgarden-bon.pages.dev/assets/js/reader-bootstrap.js?v=2.11.0	/assets/js/reader-bootstrap.js
OK	https://shadowgarden-bon.pages.dev/assets/css/series-extra.css?v=2.11.0	/assets/css/series-extra.css
OK	https://shadowgarden-bon.pages.dev/assets/css/series-motion.css?v=2.11.0	/assets/css/series-motion.css
OK	https://shadowgarden-bon.pages.dev/assets/js/series-motion.js?v=2.11.0	/assets/js/series-motion.js
OK	https://shadowgarden-bon.pages.dev/assets/js/series.js?v=2.11.0	/assets/js/series.js
FAILED	https://shadowgarden-bon.pages.dev/assets/js/q.objectUrl	/assets/js/q.objectUrl
FAILED	https://shadowgarden-bon.pages.dev/assets/js/item.coverBlob	/assets/js/item.coverBlob
OK	https://shadowgarden-bon.pages.dev/assets/js/domain/catalog-taxonomy.js?v=2.11.0	/assets/js/domain/catalog-taxonomy.js
FAILED	https://shadowgarden-bon.pages.dev/assets/js/bytes	/assets/js/bytes
FAILED	https://shadowgarden-bon.pages.dev/assets/js/value	/assets/js/value
FAILED	https://shadowgarden-bon.pages.dev/assets/js/digest.slice(0,16	/assets/js/digest.slice(0,16
FAILED	https://shadowgarden-bon.pages.dev/assets/js/payload.url,location.href	/assets/js/payload.url,location.href
FAILED	https://shadowgarden-bon.pages.dev/human-access	/human-access
FAILED	https://shadowgarden-bon.pages.dev/book-access	/book-access
FAILED	https://shadowgarden-bon.pages.dev/assets/js/adult=false	/assets/js/adult=false
FAILED	https://shadowgarden-bon.pages.dev/assets/js/adult	/assets/js/adult
OK	https://shadowgarden-bon.pages.dev/assets/js/domain/index.js?v=2.11.0	/assets/js/domain/index.js
OK	https://shadowgarden-bon.pages.dev/data/source.json	/data/source.json
OK	https://shadowgarden-bon.pages.dev/data/adult-catalog.json	/data/adult-catalog.json
OK	https://shadowgarden-bon.pages.dev/data/catalog.json	/data/catalog.json
OK	https://shadowgarden-bon.pages.dev/data/version.json	/data/version.json
OK	https://shadowgarden-bon.pages.dev/assets/js/domain/translations.js	/assets/js/domain/translations.js
OK	https://shadowgarden-bon.pages.dev/assets/js/domain/catalog-taxonomy.js	/assets/js/domain/catalog-taxonomy.js
FAILED	https://shadowgarden-bon.pages.dev/assets/js/card.href,location.href	/assets/js/card.href,location.href
FAILED	https://shadowgarden-bon.pages.dev/assets/js/$%7Bhref%7D	/assets/js/$%7Bhref%7D
FAILED	https://shadowgarden-bon.pages.dev/assets/js/$%7Besc(cover)%7D	/assets/js/$%7Besc(cover)%7D
FAILED	https://shadowgarden-bon.pages.dev/assets/js/$%7Burls.seriesUrl(series?.id)%7D	/assets/js/$%7Burls.seriesUrl(series
FAILED	https://shadowgarden-bon.pages.dev/assets/js/$%7Baction.href%7D	/assets/js/$%7Baction.href%7D
FAILED	https://shadowgarden-bon.pages.dev/assets/js/series?.id	/assets/js/series
FAILED	https://shadowgarden-bon.pages.dev/assets/js/$%7BJSON.stringify(cover	/assets/js/$%7BJSON.stringify(cover
OK	https://shadowgarden-bon.pages.dev/assets/js/public/volume-actions.js	/assets/js/public/volume-actions.js
FAILED	https://shadowgarden-bon.pages.dev/assets/js/location.href	/assets/js/location.href
FAILED	https://shadowgarden-bon.pages.dev/assets/js/historyMode	/assets/js/historyMode
OK	https://shadowgarden-bon.pages.dev/assets/js/library-model.js?v=2.11.0	/assets/js/library-model.js
OK	https://shadowgarden-bon.pages.dev/assets/js/library-renderers.js?v=2.11.0	/assets/js/library-renderers.js
OK	https://shadowgarden-bon.pages.dev/assets/js/public/volume-actions.js?v=2.11.0	/assets/js/public/volume-actions.js
FAILED	https://shadowgarden-bon.pages.dev/assets/js/anchor.href,location.href	/assets/js/anchor.href,location.href
FAILED	https://shadowgarden-bon.pages.dev/assets/js/$%7Burls.seriesUrl(series.id)%7D	/assets/js/$%7Burls.seriesUrl(series.id)%7D
FAILED	https://shadowgarden-bon.pages.dev/assets/js/series.id	/assets/js/series.id
OK	https://shadowgarden-bon.pages.dev/assets/js/site-flavor.js?v=2.11.0	/assets/js/site-flavor.js
FAILED	https://shadowgarden-bon.pages.dev/assets/js/session.seriesId	/assets/js/session.seriesId
FAILED	https://shadowgarden-bon.pages.dev/assets/js/session?.adult===true	/assets/js/session
OK	https://shadowgarden-bon.pages.dev/assets/js/reader/book-session.js	/assets/js/reader/book-session.js
OK	https://shadowgarden-bon.pages.dev/assets/js/reader/app.js	/assets/js/reader/app.js
OK	https://shadowgarden-bon.pages.dev/assets/js/reader/error-presentation.js	/assets/js/reader/error-presentation.js
OK	https://shadowgarden-bon.pages.dev/assets/js/reader/epub-lifecycle.js	/assets/js/reader/epub-lifecycle.js
OK	https://shadowgarden-bon.pages.dev/assets/js/reader/interaction-controller.js	/assets/js/reader/interaction-controller.js
OK	https://shadowgarden-bon.pages.dev/assets/js/domain/index.js	/assets/js/domain/index.js
OK	https://shadowgarden-bon.pages.dev/assets/js/reader/image-focus-touch-compat.js	/assets/js/reader/image-focus-touch-compat.js
FAILED	https://shadowgarden-bon.pages.dev/assets/js/href	/assets/js/href
FAILED	https://shadowgarden-bon.pages.dev/assets/js/rawPath,base	/assets/js/rawPath,base
FAILED	https://shadowgarden-bon.pages.dev/assets/js/bookUrl,location.href	/assets/js/bookUrl,location.href
FAILED	https://shadowgarden-bon.pages.dev/assets/js/url	/assets/js/url
FAILED	https://shadowgarden-bon.pages.dev/assets/js/record	/assets/js/record
FAILED	https://shadowgarden-bon.pages.dev/assets/js/record.blob	/assets/js/record.blob
FAILED	https://shadowgarden-bon.pages.dev/assets/js/blob	/assets/js/blob
FAILED	https://shadowgarden-bon.pages.dev/assets/js/loaded.url	/assets/js/loaded.url
FAILED	https://shadowgarden-bon.pages.dev/assets/js/$%7Besc(normalized.url)%7D	/assets/js/$%7Besc(normalized.url)%7D
FAILED	https://shadowgarden-bon.pages.dev/assets/js/$%7BtranslatorFilterHref(series,%20label,%20urls)%7D	/assets/js/$%7BtranslatorFilterHref(series,%20label,%20urls)%7D
FAILED	https://shadowgarden-bon.pages.dev/assets/js/$%7BstartAction.href%7D	/assets/js/$%7BstartAction.href%7D
FAILED	https://shadowgarden-bon.pages.dev/assets/js/$%7Besc(audioAlignedUrl)%7D	/assets/js/$%7Besc(audioAlignedUrl)%7D
FAILED	https://shadowgarden-bon.pages.dev/assets/js/$%7Besc(home)%7D	/assets/js/$%7Besc(home)%7D
FAILED	https://shadowgarden-bon.pages.dev/assets/js/$%7Besc(backdrop	/assets/js/$%7Besc(backdrop
FAILED	https://shadowgarden-bon.pages.dev/assets/js/domain.urls.seriesUrl(id	/assets/js/domain.urls.seriesUrl(id
FAILED	https://shadowgarden-bon.pages.dev/assets/js/requestedAdult	/assets/js/requestedAdult
OK	https://shadowgarden-bon.pages.dev/assets/js/series-renderers.js?v=2.11.0	/assets/js/series-renderers.js
FAILED	https://shadowgarden-bon.pages.dev/assets/vendor/i	/assets/vendor/i
FAILED	https://shadowgarden-bon.pages.dev/assets/vendor/t	/assets/vendor/t
FAILED	https://shadowgarden-bon.pages.dev/assets/vendor/t,this.base	/assets/vendor/t,this.base
FAILED	https://shadowgarden-bon.pages.dev/assets/vendor/arguments%5B0%5D,arguments%5B1%5D	/assets/vendor/arguments%5B0%5D,arguments%5B1%5D
FAILED	https://shadowgarden-bon.pages.dev/assets/vendor/e,t%5Be%5D	/assets/vendor/e,t%5Be%5D
FAILED	https://shadowgarden-bon.pages.dev/assets/vendor/t,e	/assets/vendor/t,e
FAILED	https://shadowgarden-bon.pages.dev/assets/vendor/e	/assets/vendor/e
FAILED	https://shadowgarden-bon.pages.dev/assets/vendor/i,e	/assets/vendor/i,e
FAILED	https://shadowgarden-bon.pages.dev/assets/vendor/this.cover	/assets/vendor/this.cover
FAILED	https://shadowgarden-bon.pages.dev/assets/js/admin/blob	/assets/js/admin/blob
FAILED	https://shadowgarden-bon.pages.dev/assets/js/admin/url	/assets/js/admin/url
FAILED	https://shadowgarden-bon.pages.dev/admin-access	/admin-access
OK	https://shadowgarden-bon.pages.dev/assets/js/admin/upload-fields.js?v=2.11.0	/assets/js/admin/upload-fields.js
OK	https://shadowgarden-bon.pages.dev/assets/js/admin/auth-session.js?v=2.11.0	/assets/js/admin/auth-session.js
OK	https://shadowgarden-bon.pages.dev/assets/js/admin/library-workflow.js?v=2.11.0	/assets/js/admin/library-workflow.js
OK	https://shadowgarden-bon.pages.dev/assets/js/admin/translation-workflow.js?v=2.11.0	/assets/js/admin/translation-workflow.js
OK	https://shadowgarden-bon.pages.dev/assets/js/admin/maintenance-workflow.js?v=2.11.0	/assets/js/admin/maintenance-workflow.js
OK	https://shadowgarden-bon.pages.dev/assets/js/admin/recovery-readiness-workflow.js?v=2.11.0	/assets/js/admin/recovery-readiness-workflow.js
OK	https://shadowgarden-bon.pages.dev/assets/js/admin/history-workflow.js?v=2.11.0	/assets/js/admin/history-workflow.js
OK	https://shadowgarden-bon.pages.dev/assets/js/admin/trash-workflow.js?v=2.11.0	/assets/js/admin/trash-workflow.js
OK	https://shadowgarden-bon.pages.dev/assets/js/admin/abuse-workflow.js?v=2.11.0	/assets/js/admin/abuse-workflow.js
OK	https://shadowgarden-bon.pages.dev/assets/js/admin/version.js?v=2.11.0	/assets/js/admin/version.js
OK	https://shadowgarden-bon.pages.dev/assets/js/admin-batch.js?v=2.11.0	/assets/js/admin-batch.js
OK	https://shadowgarden-bon.pages.dev/assets/js/admin/upload-similar-volume.js?v=2.11.0	/assets/js/admin/upload-similar-volume.js
OK	https://shadowgarden-bon.pages.dev/assets/js/admin/upload-safety.js?v=2.11.0	/assets/js/admin/upload-safety.js
OK	https://shadowgarden-bon.pages.dev/assets/js/admin-batch-editor.js?v=2.11.0	/assets/js/admin-batch-editor.js
OK	https://shadowgarden-bon.pages.dev/assets/js/admin-upload-workflow.js?v=2.11.0	/assets/js/admin-upload-workflow.js
OK	https://shadowgarden-bon.pages.dev/assets/js/admin-upload-completion.js?v=2.11.0	/assets/js/admin-upload-completion.js
OK	https://shadowgarden-bon.pages.dev/assets/js/admin-upload-presentation.js?v=2.11.0	/assets/js/admin-upload-presentation.js
OK	https://shadowgarden-bon.pages.dev/assets/js/admin/upload-events.js?v=2.11.0	/assets/js/admin/upload-events.js
OK	https://shadowgarden-bon.pages.dev/assets/js/admin/editor-interactions.js?v=2.11.0	/assets/js/admin/editor-interactions.js
OK	https://shadowgarden-bon.pages.dev/assets/js/admin/upload-preflight-report.js?v=2.11.0	/assets/js/admin/upload-preflight-report.js
OK	https://shadowgarden-bon.pages.dev/assets/js/admin/shell.js?v=2.11.0	/assets/js/admin/shell.js
OK	https://shadowgarden-bon.pages.dev/assets/js/admin/motion.js?v=2.11.0	/assets/js/admin/motion.js
OK	https://shadowgarden-bon.pages.dev/assets/js/domain/storage.js	/assets/js/domain/storage.js
OK	https://shadowgarden-bon.pages.dev/assets/js/domain/book-identity.js	/assets/js/domain/book-identity.js
OK	https://shadowgarden-bon.pages.dev/assets/js/domain/progress.js	/assets/js/domain/progress.js
OK	https://shadowgarden-bon.pages.dev/assets/js/domain/bookmarks.js	/assets/js/domain/bookmarks.js
OK	https://shadowgarden-bon.pages.dev/assets/js/domain/preferences.js	/assets/js/domain/preferences.js
OK	https://shadowgarden-bon.pages.dev/assets/js/domain/reading-state.js	/assets/js/domain/reading-state.js
OK	https://shadowgarden-bon.pages.dev/assets/js/domain/catalog.js	/assets/js/domain/catalog.js
OK	https://shadowgarden-bon.pages.dev/assets/js/domain/urls.js	/assets/js/domain/urls.js
OK	https://shadowgarden-bon.pages.dev/assets/js/domain/format.js	/assets/js/domain/format.js
OK	https://shadowgarden-bon.pages.dev/media/shadow-garden/data/catalog.json	/media/shadow-garden/data/catalog.json
OK	https://shadowgarden-bon.pages.dev/media/shadow-garden/data/adult-catalog.json	/media/shadow-garden/data/adult-catalog.json
FAILED	https://shadowgarden-bon.pages.dev/assets/js/domain/raw	/assets/js/domain/raw
FAILED	https://shadowgarden-bon.pages.dev/assets/js/public/bookId,%20seriesId	/assets/js/public/bookId,%20seriesId
FAILED	https://shadowgarden-bon.pages.dev/assets/js/public/bookId,%20seriesId,%20%7B%20restart:%20true%20%7D	/assets/js/public/bookId,%20seriesId,%20%7B%20restart:%20true%20%7D
FAILED	https://shadowgarden-bon.pages.dev/assets/js/reader/session	/assets/js/reader/session
FAILED	https://shadowgarden-bon.pages.dev/assets/js/reader/location.href	/assets/js/reader/location.href
FAILED	https://shadowgarden-bon.pages.dev/assets/js/reader/ret	/assets/js/reader/ret
FAILED	https://shadowgarden-bon.pages.dev/assets/js/reader/session.seriesId	/assets/js/reader/session.seriesId
FAILED	https://shadowgarden-bon.pages.dev/assets/js/reader/session.adult	/assets/js/reader/session.adult
OK	https://shadowgarden-bon.pages.dev/assets/js/reader/storage.js	/assets/js/reader/storage.js
OK	https://shadowgarden-bon.pages.dev/assets/js/reader/theme.js	/assets/js/reader/theme.js
OK	https://shadowgarden-bon.pages.dev/assets/js/reader/toc.js	/assets/js/reader/toc.js
OK	https://shadowgarden-bon.pages.dev/assets/js/reader/page-map.js	/assets/js/reader/page-map.js
OK	https://shadowgarden-bon.pages.dev/assets/js/reader/settings.js	/assets/js/reader/settings.js
OK	https://shadowgarden-bon.pages.dev/assets/js/reader/progress-controller.js	/assets/js/reader/progress-controller.js
OK	https://shadowgarden-bon.pages.dev/assets/js/reader/bookmarks-controller.js	/assets/js/reader/bookmarks-controller.js
OK	https://shadowgarden-bon.pages.dev/assets/js/reader/book-search.js	/assets/js/reader/book-search.js
OK	https://shadowgarden-bon.pages.dev/assets/js/reader/page-navigation-input.js	/assets/js/reader/page-navigation-input.js
OK	https://shadowgarden-bon.pages.dev/assets/js/reader/image-focus.js	/assets/js/reader/image-focus.js
OK	https://shadowgarden-bon.pages.dev/assets/js/reader/completion.js	/assets/js/reader/completion.js
OK	https://shadowgarden-bon.pages.dev/assets/js/reader/paginated.js	/assets/js/reader/paginated.js
OK	https://shadowgarden-bon.pages.dev/assets/js/reader/continuous.js	/assets/js/reader/continuous.js
OK	https://shadowgarden-bon.pages.dev/assets/js/reader/resume-controller.js	/assets/js/reader/resume-controller.js
OK	https://shadowgarden-bon.pages.dev/assets/js/reader/rendition.js	/assets/js/reader/rendition.js
FAILED	https://shadowgarden-bon.pages.dev/assets/js/admin/$%7Besc(cover)%7D	/assets/js/admin/$%7Besc(cover)%7D
FAILED	https://shadowgarden-bon.pages.dev/assets/js/admin/series	/assets/js/admin/series
OK	https://shadowgarden-bon.pages.dev/assets/css/admin-import-report.css?v=2.11.0	/assets/css/admin-import-report.css
FAILED	https://shadowgarden-bon.pages.dev/assets/js/admin/q.objectUrl	/assets/js/admin/q.objectUrl
FAILED	https://shadowgarden-bon.pages.dev/assets/js/domain/raw,%20baseHref(	/assets/js/domain/raw,%20baseHref(
FAILED	https://shadowgarden-bon.pages.dev/assets/js/domain/bytes	/assets/js/domain/bytes
FAILED	https://shadowgarden-bon.pages.dev/assets/js/domain/digest.slice(0,%2016	/assets/js/domain/digest.slice(0,%2016
FAILED	https://shadowgarden-bon.pages.dev/assets/js/domain/seriesId	/assets/js/domain/seriesId
FAILED	https://shadowgarden-bon.pages.dev/assets/js/domain/adult%20=%20false	/assets/js/domain/adult%20=%20false
FAILED	https://shadowgarden-bon.pages.dev/assets/js/domain/path	/assets/js/domain/path
OK	https://shadowgarden-bon.pages.dev/media/shadow-garden/covers/adult-adolescent-adam-1-c32fd954-detail.webp	/media/shadow-garden/covers/adult-adolescent-adam-1-c32fd954-detail.webp
OK	https://shadowgarden-bon.pages.dev/media/shadow-garden/covers/adult-adolescent-adam-1-c32fd954-thumb.webp	/media/shadow-garden/covers/adult-adolescent-adam-1-c32fd954-thumb.webp
OK	https://shadowgarden-bon.pages.dev/media/shadow-garden/covers/adult-adolescent-adam-2-75ff5db7-detail.webp	/media/shadow-garden/covers/adult-adolescent-adam-2-75ff5db7-detail.webp
OK	https://shadowgarden-bon.pages.dev/media/shadow-garden/covers/adult-adolescent-adam-2-75ff5db7-thumb.webp	/media/shadow-garden/covers/adult-adolescent-adam-2-75ff5db7-thumb.webp
OK	https://shadowgarden-bon.pages.dev/media/shadow-garden/covers/adult-adolescent-adam-3-6fde0034-detail.webp	/media/shadow-garden/covers/adult-adolescent-adam-3-6fde0034-detail.webp
OK	https://shadowgarden-bon.pages.dev/media/shadow-garden/covers/adult-adolescent-adam-3-6fde0034-thumb.webp	/media/shadow-garden/covers/adult-adolescent-adam-3-6fde0034-thumb.webp
OK	https://shadowgarden-bon.pages.dev/media/shadow-garden/covers/adult-adolescent-adam-4-9a10ad77-detail.webp	/media/shadow-garden/covers/adult-adolescent-adam-4-9a10ad77-detail.webp
OK	https://shadowgarden-bon.pages.dev/media/shadow-garden/covers/adult-adolescent-adam-4-9a10ad77-thumb.webp	/media/shadow-garden/covers/adult-adolescent-adam-4-9a10ad77-thumb.webp
OK	https://shadowgarden-bon.pages.dev/media/shadow-garden/covers/adult-adolescent-adam-5-006057c7-detail.webp	/media/shadow-garden/covers/adult-adolescent-adam-5-006057c7-detail.webp
OK	https://shadowgarden-bon.pages.dev/media/shadow-garden/covers/adult-adolescent-adam-5-006057c7-thumb.webp	/media/shadow-garden/covers/adult-adolescent-adam-5-006057c7-thumb.webp
FAILED	https://shadowgarden-bon.pages.dev/assets/js/reader/bookUrl,%20location.href	/assets/js/reader/bookUrl,%20location.href
OK	https://shadowgarden-bon.pages.dev/assets/js/reader/navigation-state.js	/assets/js/reader/navigation-state.js
FAILED	https://shadowgarden-bon.pages.dev/assets/js/reader/raw,doc?.baseURI%7C%7Clocation.href	/assets/js/reader/raw,doc
FAILED	https://shadowgarden-bon.pages.dev/assets/js/reader/seriesId	/assets/js/reader/seriesId
FAILED	https://shadowgarden-bon.pages.dev/assets/js/reader/session?.adult	/assets/js/reader/session
FAILED	https://shadowgarden-bon.pages.dev/assets/js/reader/bookId,seriesId	/assets/js/reader/bookId,seriesId
FAILED	https://shadowgarden-bon.pages.dev/assets/js/reader/bookId,seriesId,%7Brestart:true%7D	/assets/js/reader/bookId,seriesId,%7Brestart:true%7D
